timestamp,phase,event,subject,psi,accuracy,model_version,extra_info
2025-11-18T15:33:12.464963,phase2,psi_window,Felix,8.3013221335467,1.0,v1,PSI window
2025-11-18T15:33:12.469479,phase2,DRIFT_ALERT,Felix,8.3013221335467,1.0,v1,Drift PSI=8.3013221335467
2025-11-18T15:33:44.191429,phase2,psi_window,Felix,10.488618252382304,1.0,v1,PSI window
2025-11-18T15:33:44.204310,phase2,DRIFT_ALERT,Felix,10.488618252382304,1.0,v1,Drift PSI=10.488618252382304
2025-11-18T15:40:03.511425,phase2,psi_window,Felix,10.471075386960251,1.0,v1,PSI window
2025-11-18T15:40:03.538215,phase2,DRIFT_ALERT,Felix,10.471075386960251,1.0,v1,Drift PSI=10.471075386960251
2025-11-18T15:55:45.584028,phase2,psi_window,Felix,10.725999751696468,1.0,v1,PSI window
2025-11-18T15:55:45.589036,phase2,DRIFT_ALERT,Felix,10.725999751696468,1.0,v1,Drift PSI=10.725999751696468
2025-12-02T13:24:52.405378,phase2,PSI_OK,Marvel,0.0830503754876784,,v1,"conf=1.000, sim=0.653"
2025-12-02T13:24:52.520949,phase2,PSI_OK,Marvel,0.0826923745423252,,v1,"conf=1.000, sim=0.661"
2025-12-02T13:24:52.616903,phase2,PSI_OK,Marvel,0.0824044552354338,,v1,"conf=1.000, sim=0.670"
2025-12-02T13:24:52.699036,phase2,PSI_OK,Marvel,0.0825390215050353,,v1,"conf=1.000, sim=0.665"
2025-12-02T13:24:52.784587,phase2,PSI_OK,Marvel,0.0838587086823468,,v1,"conf=1.000, sim=0.664"
2025-12-02T13:24:52.873280,phase2,PSI_OK,Marvel,0.0851947380158905,,v1,"conf=1.000, sim=0.675"
2025-12-02T13:24:52.947291,phase2,PSI_OK,Marvel,0.085607007508951,,v1,"conf=1.000, sim=0.672"
2025-12-02T13:24:53.024851,phase2,PSI_OK,Marvel,0.0854823144995812,,v1,"conf=1.000, sim=0.671"
2025-12-02T13:24:53.106621,phase2,PSI_OK,Marvel,0.0860130149460375,,v1,"conf=1.000, sim=0.663"
2025-12-02T13:24:53.185686,phase2,PSI_OK,Marvel,0.0859427175256691,,v1,"conf=1.000, sim=0.659"
2025-12-02T13:24:53.290158,phase2,PSI_OK,Marvel,0.0869533758370778,,v1,"conf=1.000, sim=0.654"
2025-12-02T13:24:53.377095,phase2,PSI_OK,Marvel,0.0877678942975273,,v1,"conf=1.000, sim=0.667"
2025-12-02T13:24:53.453297,phase2,PSI_OK,Marvel,0.0889237353247302,,v1,"conf=1.000, sim=0.660"
2025-12-02T13:24:53.527987,phase2,PSI_OK,Marvel,0.086478432192829,,v1,"conf=1.000, sim=0.675"
2025-12-02T13:24:53.666144,phase2,PSI_OK,Marvel,0.0855009017846142,,v1,"conf=1.000, sim=0.672"
2025-12-02T13:24:53.746566,phase2,PSI_OK,Marvel,0.0849948288574964,,v1,"conf=1.000, sim=0.665"
2025-12-02T13:24:53.837551,phase2,PSI_OK,Marvel,0.084737453151927,,v1,"conf=1.000, sim=0.665"
2025-12-02T13:24:53.911376,phase2,PSI_OK,Marvel,0.0844739374747369,,v1,"conf=1.000, sim=0.667"
2025-12-02T13:24:54.207046,phase2,PSI_OK,Marvel,0.0846611067046629,,v1,"conf=1.000, sim=0.672"
2025-12-02T13:24:54.307737,phase2,PSI_OK,Marvel,0.0864884111789476,,v1,"conf=1.000, sim=0.673"
2025-12-02T13:24:54.399208,phase2,PSI_OK,Marvel,0.0866372409428316,,v1,"conf=1.000, sim=0.667"
2025-12-02T13:24:54.474898,phase2,PSI_OK,Marvel,0.0884413460322123,,v1,"conf=1.000, sim=0.681"
2025-12-02T13:24:54.565200,phase2,PSI_OK,Marvel,0.0894205253085701,,v1,"conf=1.000, sim=0.664"
2025-12-02T13:24:54.665475,phase2,PSI_OK,Marvel,0.0889048848513079,,v1,"conf=1.000, sim=0.668"
2025-12-02T13:24:54.742651,phase2,PSI_OK,Marvel,0.0878578467463565,,v1,"conf=1.000, sim=0.671"
2025-12-02T13:24:54.853090,phase2,PSI_OK,Marvel,0.0868506972730964,,v1,"conf=1.000, sim=0.661"
2025-12-02T13:24:54.959605,phase2,PSI_OK,Marvel,0.0862773108896147,,v1,"conf=1.000, sim=0.667"
2025-12-02T13:24:55.066017,phase2,PSI_OK,Marvel,0.0852935692392862,,v1,"conf=1.000, sim=0.656"
2025-12-02T13:24:55.155477,phase2,PSI_OK,Marvel,0.0837211791344512,,v1,"conf=1.000, sim=0.637"
2025-12-02T13:24:55.247523,phase2,PSI_OK,Marvel,0.0829471055132117,,v1,"conf=1.000, sim=0.656"
2025-12-02T13:24:55.351476,phase2,PSI_OK,Marvel,0.0820648887232462,,v1,"conf=1.000, sim=0.660"
2025-12-02T13:24:55.443004,phase2,PSI_OK,Marvel,0.0815702486380783,,v1,"conf=1.000, sim=0.654"
2025-12-02T13:24:55.544902,phase2,PSI_OK,Marvel,0.0814120548484688,,v1,"conf=1.000, sim=0.647"
2025-12-02T13:24:55.634436,phase2,PSI_OK,Marvel,0.0826237988911774,,v1,"conf=1.000, sim=0.646"
2025-12-02T13:24:55.707067,phase2,PSI_OK,Marvel,0.0829287773321303,,v1,"conf=1.000, sim=0.628"
2025-12-02T13:24:55.781144,phase2,PSI_OK,Marvel,0.0815906071883376,,v1,"conf=1.000, sim=0.638"
2025-12-02T13:24:55.861184,phase2,PSI_OK,Marvel,0.081551067105296,,v1,"conf=1.000, sim=0.630"
2025-12-02T13:24:55.933478,phase2,PSI_OK,Marvel,0.0820865785639791,,v1,"conf=1.000, sim=0.639"
2025-12-02T13:24:56.004970,phase2,PSI_OK,Marvel,0.082158563816121,,v1,"conf=1.000, sim=0.623"
2025-12-02T13:24:56.086361,phase2,PSI_OK,Marvel,0.0830346913835275,,v1,"conf=1.000, sim=0.639"
2025-12-02T13:24:56.161582,phase2,PSI_OK,Marvel,0.0829459177730411,,v1,"conf=1.000, sim=0.644"
2025-12-02T13:24:56.240473,phase2,PSI_OK,Marvel,0.082303880897863,,v1,"conf=1.000, sim=0.643"
2025-12-02T13:24:56.318500,phase2,PSI_OK,Marvel,0.0822736046116752,,v1,"conf=1.000, sim=0.636"
2025-12-02T13:24:56.396428,phase2,PSI_OK,Marvel,0.0830279928248578,,v1,"conf=1.000, sim=0.632"
2025-12-02T13:24:56.483560,phase2,PSI_OK,Marvel,0.0834542536058848,,v1,"conf=1.000, sim=0.623"
2025-12-02T13:24:56.563600,phase2,PSI_OK,Marvel,0.0830328875761385,,v1,"conf=1.000, sim=0.623"
2025-12-02T13:24:56.640842,phase2,PSI_OK,Marvel,0.0836918745045359,,v1,"conf=1.000, sim=0.644"
2025-12-02T13:24:56.722726,phase2,PSI_OK,Marvel,0.0852373206653809,,v1,"conf=1.000, sim=0.624"
2025-12-02T13:24:56.802464,phase2,PSI_OK,Marvel,0.0864686398703154,,v1,"conf=1.000, sim=0.663"
2025-12-02T13:24:56.889691,phase2,PSI_OK,Marvel,0.0881516826314351,,v1,"conf=1.000, sim=0.658"
2025-12-02T13:24:56.971123,phase2,PSI_OK,Marvel,0.0886149561019757,,v1,"conf=1.000, sim=0.667"
2025-12-02T13:24:57.068067,phase2,PSI_OK,Marvel,0.0882557913549021,,v1,"conf=1.000, sim=0.664"
2025-12-02T13:24:57.143633,phase2,PSI_OK,Marvel,0.0885746044498568,,v1,"conf=1.000, sim=0.639"
2025-12-02T13:24:57.240401,phase2,PSI_OK,Marvel,0.0814882514199338,,v1,"conf=1.000, sim=0.444"
2025-12-02T13:24:57.318944,phase2,PSI_OK,Marvel,0.0738218835356007,,v1,"conf=1.000, sim=0.444"
2025-12-02T13:24:57.415561,phase2,PSI_OK,Marvel,0.0671175980252853,,v1,"conf=1.000, sim=0.450"
2025-12-02T13:24:57.506802,phase2,PSI_OK,Marvel,0.0596878386874721,,v1,"conf=1.000, sim=0.427"
2025-12-02T13:24:57.595099,phase2,PSI_OK,Marvel,0.0515551850653133,,v1,"conf=1.000, sim=0.371"
2025-12-02T13:24:57.677611,phase2,PSI_OK,Marvel,0.0453051827357218,,v1,"conf=1.000, sim=0.402"
2025-12-02T13:24:57.759848,phase2,PSI_OK,Marvel,0.0366218498828791,,v1,"conf=1.000, sim=0.399"
2025-12-02T13:24:58.007305,phase2,PSI_OK,Marvel,0.0292637912603813,,v1,"conf=1.000, sim=0.417"
2025-12-02T13:24:58.110575,phase2,PSI_OK,Marvel,0.0230968481785732,,v1,"conf=1.000, sim=0.402"
2025-12-02T13:24:58.355570,phase2,PSI_OK,Marvel,0.0172061444103129,,v1,"conf=1.000, sim=0.426"
2025-12-02T13:24:58.442664,phase2,PSI_OK,Marvel,0.011783839791036,,v1,"conf=1.000, sim=0.435"
2025-12-02T13:24:58.534042,phase2,PSI_OK,Marvel,0.0073898843359898,,v1,"conf=1.000, sim=0.420"
2025-12-02T13:24:58.624460,phase2,PSI_OK,Marvel,0.004760694699885,,v1,"conf=1.000, sim=0.429"
2025-12-02T13:24:58.707388,phase2,PSI_OK,Marvel,0.0028499973294078,,v1,"conf=1.000, sim=0.413"
2025-12-02T13:24:58.856392,phase2,PSI_OK,Marvel,0.0016667169095584,,v1,"conf=1.000, sim=0.430"
2025-12-02T13:24:58.965686,phase2,PSI_OK,Marvel,0.0019979703540993,,v1,"conf=1.000, sim=0.465"
2025-12-02T13:24:59.063410,phase2,PSI_OK,Marvel,0.003424663157335,,v1,"conf=1.000, sim=0.477"
2025-12-02T13:24:59.154307,phase2,PSI_OK,Marvel,0.0060490170653391,,v1,"conf=1.000, sim=0.438"
2025-12-02T13:24:59.350128,phase2,PSI_OK,Marvel,0.0133778890893522,,v1,"conf=1.000, sim=0.486"
2025-12-02T13:24:59.438962,phase2,PSI_OK,Marvel,0.0262817783243752,,v1,"conf=1.000, sim=0.441"
2025-12-02T13:24:59.627550,phase2,PSI_OK,Marvel,0.0144353329704815,,v1,"conf=1.000, sim=0.480"
2025-12-02T13:24:59.718710,phase2,PSI_OK,Marvel,0.0073300666895593,,v1,"conf=1.000, sim=0.510"
2025-12-02T13:24:59.864692,phase2,PSI_OK,Marvel,0.005811144818603,,v1,"conf=1.000, sim=0.555"
2025-12-02T13:24:59.960998,phase2,PSI_OK,Marvel,0.0050222361084773,,v1,"conf=1.000, sim=0.606"
2025-12-02T13:25:00.056690,phase2,PSI_OK,Marvel,0.0058085224781622,,v1,"conf=1.000, sim=0.632"
2025-12-02T13:25:00.147987,phase2,PSI_OK,Marvel,0.0076016976287787,,v1,"conf=1.000, sim=0.634"
2025-12-02T13:25:00.237200,phase2,PSI_OK,Marvel,0.010614951283393,,v1,"conf=1.000, sim=0.642"
2025-12-02T13:25:00.333857,phase2,PSI_OK,Marvel,0.0147005124118925,,v1,"conf=1.000, sim=0.647"
2025-12-02T13:25:00.423180,phase2,PSI_OK,Marvel,0.0197371705411837,,v1,"conf=1.000, sim=0.543"
2025-12-02T13:25:00.520789,phase2,PSI_OK,Marvel,0.0254444955235455,,v1,"conf=1.000, sim=0.540"
2025-12-02T13:25:00.615439,phase2,PSI_OK,Marvel,0.0328771485627277,,v1,"conf=1.000, sim=0.534"
2025-12-02T13:25:00.712055,phase2,PSI_OK,Marvel,0.040464138154643,,v1,"conf=1.000, sim=0.532"
2025-12-02T13:25:00.803238,phase2,PSI_OK,Marvel,0.0476797527825023,,v1,"conf=1.000, sim=0.526"
2025-12-02T13:25:00.890134,phase2,PSI_OK,Marvel,0.0558334569943466,,v1,"conf=1.000, sim=0.518"
2025-12-02T13:25:00.980872,phase2,PSI_OK,Marvel,0.0641129161207084,,v1,"conf=1.000, sim=0.533"
2025-12-02T13:25:01.074298,phase2,PSI_OK,Marvel,0.0722537523597512,,v1,"conf=1.000, sim=0.509"
2025-12-02T13:25:01.176929,phase2,PSI_OK,Marvel,0.0791247655959253,,v1,"conf=1.000, sim=0.510"
2025-12-02T13:25:01.264750,phase2,PSI_OK,Marvel,0.084229579683304,,v1,"conf=1.000, sim=0.510"
2025-12-02T13:25:01.357254,phase2,PSI_OK,Marvel,0.0920135090982263,,v1,"conf=1.000, sim=0.530"
2025-12-02T13:25:01.451803,phase2,PSI_OK,Marvel,0.0986685857093161,,v1,"conf=1.000, sim=0.520"
2025-12-02T13:25:01.542235,phase2,PSI_OK,Marvel,0.0939449192030188,,v1,"conf=1.000, sim=0.541"
2025-12-02T13:25:01.630956,phase2,PSI_OK,Marvel,0.0871515382797961,,v1,"conf=1.000, sim=0.624"
2025-12-02T13:25:01.719705,phase2,PSI_OK,Marvel,0.0784351306344493,,v1,"conf=1.000, sim=0.614"
2025-12-02T13:25:01.816232,phase2,PSI_OK,Marvel,0.0764808860059059,,v1,"conf=1.000, sim=0.599"
2025-12-02T13:25:01.927925,phase2,PSI_OK,Marvel,0.0709569893862195,,v1,"conf=1.000, sim=0.613"
2025-12-02T13:25:02.018626,phase2,PSI_OK,Marvel,0.0670780576732308,,v1,"conf=1.000, sim=0.620"
2025-12-02T13:25:02.113297,phase2,PSI_OK,Marvel,0.0639706067842865,,v1,"conf=1.000, sim=0.621"
2025-12-02T13:25:02.202758,phase2,PSI_OK,Marvel,0.062565133333473,,v1,"conf=1.000, sim=0.618"
2025-12-02T13:25:02.301796,phase2,PSI_OK,Marvel,0.0614740625383553,,v1,"conf=1.000, sim=0.605"
2025-12-02T13:25:02.394764,phase2,PSI_OK,Marvel,0.0604156244969007,,v1,"conf=1.000, sim=0.625"
2025-12-02T13:25:02.483038,phase2,PSI_OK,Marvel,0.0590738038343016,,v1,"conf=1.000, sim=0.634"
2025-12-02T13:25:02.574339,phase2,PSI_OK,Marvel,0.0583014644265878,,v1,"conf=1.000, sim=0.621"
2025-12-02T13:25:02.664538,phase2,PSI_OK,Marvel,0.057455501157932,,v1,"conf=1.000, sim=0.631"
2025-12-02T13:25:02.758591,phase2,PSI_OK,Marvel,0.057991479885273,,v1,"conf=1.000, sim=0.628"
2025-12-02T13:25:02.850013,phase2,PSI_OK,Marvel,0.0575825885027212,,v1,"conf=1.000, sim=0.639"
2025-12-02T13:25:02.936228,phase2,PSI_OK,Marvel,0.0569145073917194,,v1,"conf=1.000, sim=0.632"
2025-12-02T13:25:03.031665,phase2,PSI_OK,Marvel,0.0578597261270882,,v1,"conf=1.000, sim=0.644"
2025-12-02T13:25:03.145451,phase2,PSI_OK,Marvel,0.056264311490941,,v1,"conf=1.000, sim=0.488"
2025-12-02T13:25:03.238941,phase2,PSI_OK,Marvel,0.0509766526549873,,v1,"conf=1.000, sim=0.475"
2025-12-02T13:25:03.358976,phase2,PSI_OK,Marvel,0.047863236205005,,v1,"conf=1.000, sim=0.478"
2025-12-02T13:25:03.453248,phase2,PSI_OK,Marvel,0.0409044816967031,,v1,"conf=1.000, sim=0.467"
2025-12-02T13:25:03.550017,phase2,PSI_OK,Marvel,0.0374948280870491,,v1,"conf=1.000, sim=0.477"
2025-12-02T13:25:03.650136,phase2,PSI_OK,Marvel,0.035154708435833,,v1,"conf=1.000, sim=0.468"
2025-12-02T13:25:03.745988,phase2,PSI_OK,Marvel,0.0316264608284113,,v1,"conf=1.000, sim=0.446"
2025-12-02T13:25:03.832763,phase2,PSI_OK,Marvel,0.0279393804418057,,v1,"conf=1.000, sim=0.502"
2025-12-02T13:25:03.923633,phase2,PSI_OK,Marvel,0.0268298202333907,,v1,"conf=1.000, sim=0.520"
2025-12-02T13:25:04.020383,phase2,PSI_OK,Marvel,0.0236017399923756,,v1,"conf=1.000, sim=0.453"
2025-12-02T13:25:04.113416,phase2,PSI_OK,Marvel,0.021085767451408,,v1,"conf=1.000, sim=0.461"
2025-12-02T13:25:04.203788,phase2,PSI_OK,Marvel,0.0210158384259899,,v1,"conf=1.000, sim=0.465"
2025-12-02T13:25:04.310024,phase2,PSI_OK,Marvel,0.0215540292154346,,v1,"conf=1.000, sim=0.461"
2025-12-02T13:25:04.418943,phase2,PSI_OK,Marvel,0.0186152707762021,,v1,"conf=1.000, sim=0.469"
2025-12-02T13:25:04.510838,phase2,PSI_OK,Marvel,0.0165741489669353,,v1,"conf=1.000, sim=0.476"
2025-12-02T13:25:04.610208,phase2,PSI_OK,Marvel,0.0159837641795388,,v1,"conf=1.000, sim=0.502"
2025-12-02T13:25:04.693672,phase2,PSI_OK,Marvel,0.0156456977523122,,v1,"conf=1.000, sim=0.470"
2025-12-02T13:25:04.781108,phase2,PSI_OK,Marvel,0.0149167701066005,,v1,"conf=1.000, sim=0.484"
2025-12-02T13:25:04.875084,phase2,PSI_OK,Marvel,0.0149326943050386,,v1,"conf=1.000, sim=0.471"
2025-12-02T13:25:04.971690,phase2,PSI_OK,Marvel,0.017010989790936,,v1,"conf=1.000, sim=0.472"
2025-12-02T13:25:05.060969,phase2,PSI_OK,Marvel,0.0173114553133043,,v1,"conf=1.000, sim=0.463"
2025-12-02T13:25:05.161452,phase2,PSI_OK,Marvel,0.0168717152225094,,v1,"conf=1.000, sim=0.486"
2025-12-02T13:25:05.270562,phase2,PSI_OK,Marvel,0.0172292724085653,,v1,"conf=1.000, sim=0.489"
2025-12-02T13:25:05.360885,phase2,PSI_OK,Marvel,0.0173267078610606,,v1,"conf=1.000, sim=0.468"
2025-12-02T13:25:05.454840,phase2,PSI_OK,Marvel,0.0164627874950536,,v1,"conf=1.000, sim=0.480"
2025-12-02T13:25:05.547685,phase2,PSI_OK,Marvel,0.0156527376977686,,v1,"conf=1.000, sim=0.487"
2025-12-02T13:25:05.645876,phase2,PSI_OK,Marvel,0.0148083819525343,,v1,"conf=1.000, sim=0.494"
2025-12-02T13:25:05.735443,phase2,PSI_OK,Marvel,0.0143626439223728,,v1,"conf=1.000, sim=0.500"
2025-12-02T13:25:05.830040,phase2,PSI_OK,Marvel,0.0133843733907665,,v1,"conf=1.000, sim=0.519"
2025-12-02T13:25:05.918711,phase2,PSI_OK,Marvel,0.0133810215105145,,v1,"conf=1.000, sim=0.506"
2025-12-02T13:25:06.017524,phase2,PSI_OK,Marvel,0.0133849127790962,,v1,"conf=1.000, sim=0.518"
2025-12-02T13:25:06.114892,phase2,PSI_OK,Marvel,0.0130051506468203,,v1,"conf=1.000, sim=0.533"
2025-12-02T13:25:06.202687,phase2,PSI_OK,Marvel,0.01165964347339,,v1,"conf=1.000, sim=0.418"
2025-12-02T13:25:06.293175,phase2,PSI_OK,Marvel,0.011008052603096,,v1,"conf=1.000, sim=0.395"
2025-12-02T13:25:06.383006,phase2,PSI_OK,Marvel,0.0101317109688211,,v1,"conf=1.000, sim=0.387"
2025-12-02T13:25:06.468179,phase2,REJECTED_SAMPLE,Marvel,,,v1,"conf=1.000, sim=0.343"
2025-12-02T13:25:06.564415,phase2,REJECTED_SAMPLE,Marvel,,,v1,"conf=1.000, sim=0.327"
2025-12-02T13:25:06.650842,phase2,REJECTED_SAMPLE,Marvel,,,v1,"conf=1.000, sim=0.309"
2025-12-02T13:25:06.742036,phase2,REJECTED_SAMPLE,Marvel,,,v1,"conf=1.000, sim=0.308"
2025-12-02T13:25:06.826618,phase2,REJECTED_SAMPLE,Marvel,,,v1,"conf=1.000, sim=0.347"
2025-12-02T13:25:06.905998,phase2,REJECTED_SAMPLE,Marvel,,,v1,"conf=1.000, sim=0.347"
2025-12-02T13:25:06.992748,phase2,REJECTED_SAMPLE,Marvel,,,v1,"conf=1.000, sim=0.294"
2025-12-02T13:25:07.069879,phase2,REJECTED_SAMPLE,Marvel,,,v1,"conf=1.000, sim=0.299"
2025-12-02T13:25:07.160649,phase2,REJECTED_SAMPLE,Marvel,,,v1,"conf=1.000, sim=0.295"
2025-12-02T13:25:07.251047,phase2,PSI_OK,Marvel,0.0094193041481251,,v1,"conf=1.000, sim=0.436"
2025-12-02T13:25:07.343517,phase2,PSI_OK,Marvel,0.008977152114978,,v1,"conf=1.000, sim=0.476"
2025-12-02T13:25:07.433246,phase2,PSI_OK,Marvel,0.0098170503087172,,v1,"conf=1.000, sim=0.473"
2025-12-02T13:25:07.518481,phase2,PSI_OK,Marvel,0.0109309259601694,,v1,"conf=1.000, sim=0.463"
2025-12-02T13:25:07.613027,phase2,PSI_OK,Marvel,0.0127532610917594,,v1,"conf=1.000, sim=0.498"
2025-12-02T13:25:07.707762,phase2,PSI_OK,Marvel,0.0147983343388529,,v1,"conf=1.000, sim=0.466"
2025-12-02T13:25:07.793020,phase2,PSI_OK,Marvel,0.0163173603143874,,v1,"conf=1.000, sim=0.470"
2025-12-02T13:25:07.878249,phase2,PSI_OK,Marvel,0.0182392818220188,,v1,"conf=1.000, sim=0.438"
2025-12-02T13:25:07.967489,phase2,PSI_OK,Marvel,0.0205584697514558,,v1,"conf=1.000, sim=0.466"
2025-12-02T13:25:08.072175,phase2,PSI_OK,Marvel,0.0231621832300436,,v1,"conf=1.000, sim=0.496"
2025-12-02T13:25:08.167173,phase2,PSI_OK,Marvel,0.0273237288836176,,v1,"conf=1.000, sim=0.453"
2025-12-02T13:25:08.314375,phase2,PSI_OK,Marvel,0.030103897816055,,v1,"conf=1.000, sim=0.422"
2025-12-02T13:25:08.641530,phase2,REJECTED_SAMPLE,Marvel,,,v1,"conf=1.000, sim=0.179"
2025-12-02T13:25:08.723501,phase2,REJECTED_SAMPLE,Marvel,,,v1,"conf=1.000, sim=0.257"
2025-12-02T13:25:08.828051,phase2,REJECTED_SAMPLE,Marvel,,,v1,"conf=1.000, sim=0.334"
2025-12-02T13:25:08.935345,phase2,PSI_OK,Marvel,0.0333260892655951,,v1,"conf=1.000, sim=0.383"
2025-12-02T13:25:09.019478,phase2,PSI_OK,Marvel,0.0394000232866923,,v1,"conf=1.000, sim=0.356"
2025-12-02T13:25:09.111265,phase2,PSI_OK,Marvel,0.0667142830275231,,v1,"conf=1.000, sim=0.351"
2025-12-02T13:25:09.195271,phase2,REJECTED_SAMPLE,Marvel,,,v1,"conf=1.000, sim=0.317"
2025-12-02T13:25:09.271237,phase2,PSI_OK,Marvel,0.0456634310650483,,v1,"conf=1.000, sim=0.374"
2025-12-02T13:25:09.371724,phase2,PSI_OK,Marvel,0.0348812906685466,,v1,"conf=1.000, sim=0.445"
2025-12-02T13:25:09.476774,phase2,PSI_OK,Marvel,0.024784703295156,,v1,"conf=1.000, sim=0.421"
2025-12-02T13:25:09.564053,phase2,PSI_OK,Marvel,0.0177155423221781,,v1,"conf=1.000, sim=0.424"
2025-12-02T13:25:09.654360,phase2,PSI_OK,Marvel,0.0117342283841075,,v1,"conf=1.000, sim=0.432"
2025-12-02T13:25:09.743760,phase2,PSI_OK,Marvel,0.0050713779732452,,v1,"conf=1.000, sim=0.460"
2025-12-02T13:25:09.846163,phase2,PSI_OK,Marvel,0.0036383260047348,,v1,"conf=1.000, sim=0.489"
2025-12-02T13:25:09.935068,phase2,PSI_OK,Marvel,0.0029045064836074,,v1,"conf=1.000, sim=0.552"
2025-12-02T13:25:10.035461,phase2,PSI_OK,Marvel,0.0051271955394033,,v1,"conf=1.000, sim=0.566"
2025-12-02T13:25:10.122171,phase2,PSI_OK,Marvel,0.0073912261253843,,v1,"conf=1.000, sim=0.658"
2025-12-02T13:25:10.208341,phase2,PSI_OK,Marvel,0.0114050205338413,,v1,"conf=1.000, sim=0.641"
2025-12-02T13:25:10.300795,phase2,PSI_OK,Marvel,0.015252741795022,,v1,"conf=1.000, sim=0.654"
2025-12-02T13:25:10.394161,phase2,PSI_OK,Marvel,0.0234988227651319,,v1,"conf=1.000, sim=0.660"
2025-12-02T13:25:10.483521,phase2,PSI_OK,Marvel,0.0311062761367109,,v1,"conf=1.000, sim=0.646"
2025-12-02T13:25:10.585450,phase2,PSI_OK,Marvel,0.0391586929219653,,v1,"conf=1.000, sim=0.653"
2025-12-02T13:25:10.686449,phase2,PSI_OK,Marvel,0.0483133318055571,,v1,"conf=1.000, sim=0.648"
2025-12-02T13:25:10.782070,phase2,PSI_OK,Marvel,0.056062425400047,,v1,"conf=1.000, sim=0.621"
2025-12-02T13:25:10.869992,phase2,PSI_OK,Marvel,0.06508717461249,,v1,"conf=1.000, sim=0.618"
2025-12-02T13:25:10.963286,phase2,PSI_OK,Marvel,0.0734364061386064,,v1,"conf=1.000, sim=0.619"
2025-12-02T13:25:11.056075,phase2,PSI_OK,Marvel,0.0812944988350657,,v1,"conf=1.000, sim=0.619"
2025-12-02T13:25:11.148832,phase2,PSI_OK,Marvel,0.0870448869864596,,v1,"conf=1.000, sim=0.616"
2025-12-02T13:25:11.243178,phase2,PSI_OK,Marvel,0.0883195452103681,,v1,"conf=1.000, sim=0.614"
2025-12-02T13:25:11.346052,phase2,PSI_OK,Marvel,0.0904393376333329,,v1,"conf=1.000, sim=0.615"
2025-12-02T13:25:11.446964,phase2,PSI_OK,Marvel,0.0905780404135684,,v1,"conf=1.000, sim=0.572"
2025-12-02T13:25:11.542658,phase2,PSI_OK,Marvel,0.0895215496743369,,v1,"conf=1.000, sim=0.586"
2025-12-02T13:25:11.636999,phase2,PSI_OK,Marvel,0.0874065790629728,,v1,"conf=1.000, sim=0.579"
2025-12-02T13:25:11.748996,phase2,PSI_OK,Marvel,0.0838528675650893,,v1,"conf=1.000, sim=0.565"
2025-12-02T13:25:11.851543,phase2,PSI_OK,Marvel,0.0794196114180437,,v1,"conf=1.000, sim=0.563"
2025-12-02T13:25:11.947341,phase2,PSI_OK,Marvel,0.0746551380847963,,v1,"conf=1.000, sim=0.611"
2025-12-02T13:25:12.059626,phase2,PSI_OK,Marvel,0.0707840674079093,,v1,"conf=1.000, sim=0.650"
2025-12-02T13:25:12.181966,phase2,PSI_OK,Marvel,0.0676515393456091,,v1,"conf=1.000, sim=0.646"
2025-12-02T13:25:12.292678,phase2,PSI_OK,Marvel,0.0641752452004323,,v1,"conf=1.000, sim=0.652"
2025-12-02T13:25:12.391555,phase2,PSI_OK,Marvel,0.0620837717924928,,v1,"conf=1.000, sim=0.667"
2025-12-02T13:25:12.487947,phase2,PSI_OK,Marvel,0.0602183054867273,,v1,"conf=1.000, sim=0.666"
2025-12-02T13:25:12.602902,phase2,PSI_OK,Marvel,0.0690498198224812,,v1,"conf=1.000, sim=0.670"
2025-12-02T13:25:12.699712,phase2,PSI_OK,Marvel,0.0665172590028909,,v1,"conf=1.000, sim=0.653"
2025-12-02T13:25:12.796798,phase2,PSI_OK,Marvel,0.0682871374546623,,v1,"conf=1.000, sim=0.636"
2025-12-02T13:25:12.905886,phase2,PSI_OK,Marvel,0.0688507671557724,,v1,"conf=1.000, sim=0.654"
2025-12-02T13:25:13.001579,phase2,PSI_OK,Marvel,0.0623506406630325,,v1,"conf=1.000, sim=0.640"
2025-12-02T13:25:13.091607,phase2,PSI_OK,Marvel,0.0632105400680028,,v1,"conf=1.000, sim=0.632"
2025-12-02T13:25:13.212325,phase2,PSI_OK,Marvel,0.0692830139388337,,v1,"conf=1.000, sim=0.630"
2025-12-02T13:25:13.317136,phase2,PSI_OK,Marvel,0.0709560886756956,,v1,"conf=1.000, sim=0.628"
2025-12-02T13:25:13.415112,phase2,PSI_OK,Marvel,0.0719016850022643,,v1,"conf=1.000, sim=0.646"
2025-12-02T13:25:13.525450,phase2,PSI_OK,Marvel,0.0729341711039801,,v1,"conf=1.000, sim=0.640"
2025-12-02T13:25:13.625334,phase2,PSI_OK,Marvel,0.0756404917704722,,v1,"conf=1.000, sim=0.644"
2025-12-02T13:25:13.735126,phase2,PSI_OK,Marvel,0.0785062540100096,,v1,"conf=1.000, sim=0.648"
2025-12-02T13:25:13.837164,phase2,PSI_OK,Marvel,0.0812975244288283,,v1,"conf=1.000, sim=0.657"
2025-12-02T13:25:13.931516,phase2,PSI_OK,Marvel,0.0843211302805677,,v1,"conf=1.000, sim=0.649"
2025-12-02T13:25:14.031552,phase2,PSI_OK,Marvel,0.0862105314915364,,v1,"conf=1.000, sim=0.652"
2025-12-02T13:25:14.125840,phase2,PSI_OK,Marvel,0.0903608930774279,,v1,"conf=1.000, sim=0.685"
2025-12-02T13:25:14.222592,phase2,PSI_OK,Marvel,0.0945042762041444,,v1,"conf=1.000, sim=0.677"
2025-12-02T13:25:14.310605,phase2,PSI_OK,Marvel,0.097241857070319,,v1,"conf=1.000, sim=0.680"
2025-12-02T13:25:14.420207,phase2,DRIFT_DETECTED,Marvel,0.1007362462460628,,v1,"conf=1.000, sim=0.652"
2025-12-02T13:25:14.452648,phase2,RETRAIN_TRIGGERED,Marvel,0.1007362462460628,,v1,
2025-12-02T13:25:15.121467,phase3,RETRAIN_STARTED,Marvel,,,v1,
2025-12-02T13:25:15.236018,phase3,RETRAIN_SUCCESS,Marvel,,,v2,20 drift samples
2025-12-02T13:25:15.400535,phase2,RETRAIN_COMPLETED_RELOAD,Marvel,,,v2,
2025-12-02T13:25:15.530644,phase2,PSI_OK,Marvel,0.0429056857227173,,v2,"conf=1.000, sim=0.804"
2025-12-02T13:25:15.686826,phase2,PSI_OK,Marvel,0.041617685257162,,v2,"conf=1.000, sim=0.781"
2025-12-02T13:25:15.841813,phase2,PSI_OK,Marvel,0.0413585405281171,,v2,"conf=1.000, sim=0.749"
2025-12-02T13:25:15.994402,phase2,PSI_OK,Marvel,0.0400992726560068,,v2,"conf=1.000, sim=0.740"
2025-12-02T13:25:16.128040,phase2,PSI_OK,Marvel,0.039195162245316,,v2,"conf=1.000, sim=0.739"
2025-12-02T13:25:16.217056,phase2,PSI_OK,Marvel,0.0384305232061653,,v2,"conf=1.000, sim=0.735"
2025-12-02T13:25:16.313349,phase2,PSI_OK,Marvel,0.0378272250399949,,v2,"conf=1.000, sim=0.742"
2025-12-02T13:25:16.409061,phase2,PSI_OK,Marvel,0.037804349964241,,v2,"conf=1.000, sim=0.747"
2025-12-02T13:25:16.515834,phase2,PSI_OK,Marvel,0.0373642190114467,,v2,"conf=1.000, sim=0.733"
2025-12-02T13:25:16.623346,phase2,PSI_OK,Marvel,0.0377699201872464,,v2,"conf=1.000, sim=0.709"
2025-12-02T13:25:16.723935,phase2,PSI_OK,Marvel,0.0392453807451512,,v2,"conf=1.000, sim=0.707"
2025-12-02T13:25:16.814911,phase2,PSI_OK,Marvel,0.0404007402655183,,v2,"conf=1.000, sim=0.703"
2025-12-02T13:25:17.604484,phase2,PSI_OK,Marvel,0.039537876045108236,,v2,"conf=1.000, sim=0.702"
